Source File	Size	loadResources	load	generateSnapshots	load-configure	scan	loadDepInfo	loadInfo	checkR4R4B	generateNarratives	validate	loadLists	checkConformanceResources	checkConformanceResources2	checkConformanceResources3	generateLogicalMaps	validateExpressions	scanForUsageStats	checkURLsUnique	processProvenanceDetails	translate	generate1	generate2	generateLogicals	makeDependencies	generateExampleZip	generateValidationPack	scanProfilesForR5	scanExamplesForR5
/fsh-generated/resources/ImplementationGuide-ans.fhir.fr.sas.json	33576	-	0	0	0	0	0	0	19	71	0	0	0	0	0	0	0	1	0	0	20	252	458	0	0	0	8	0	3
fsh-generated/resources/Appointment-1.json	1347	3	0	0	1	0	0	0	0	270	0	0	0	0	0	0	0	0	0	0	5	14	26	0	0	0	0	0	0
fsh-generated/resources/Appointment-2.json	1350	1	0	0	0	0	0	0	1	7	0	0	0	0	0	0	0	0	0	0	4	14	16	0	0	0	0	0	0
fsh-generated/resources/Bundle-ExampleBundleAgregateurSOS.json	14110	6	25	0	0	0	0	0	2	614	0	0	0	0	0	0	0	0	0	0	7	71	119	0	0	0	0	0	0
fsh-generated/resources/Bundle-ExampleBundleCPTS1.json	7738	4	9	0	0	0	0	0	0	1095	0	0	0	0	0	0	0	0	0	0	4	38	81	0	0	0	0	0	0
fsh-generated/resources/Bundle-ExampleBundleCPTS2.json	9771	6	3	0	0	0	0	0	2	309	0	0	0	0	0	0	0	1	0	0	3	88	99	0	0	0	0	0	0
fsh-generated/resources/Bundle-ExampleBundlePSIndiv.json	17835	10	3	0	0	0	0	0	1	22	0	0	0	0	0	0	0	0	0	0	4	76	125	0	0	0	0	0	1
fsh-generated/resources/CapabilityStatement-SAS-Consommateur-CPTS.json	3363	1	0	0	0	0	0	0	0	35	0	0	0	0	1	0	0	0	0	0	5	51	59	0	0	0	2	0	0
fsh-generated/resources/CapabilityStatement-SAS-Consommateur-SOS.json	4303	3	0	0	0	0	0	0	0	13	0	0	0	0	0	0	0	0	0	0	4	55	43	0	0	0	1	0	0
fsh-generated/resources/CapabilityStatement-SAS-Consommateur-psindiv.json	3254	3	0	0	0	0	0	0	1	11	0	0	0	0	1	0	0	0	0	0	4	47	36	0	0	0	1	0	0
fsh-generated/resources/CapabilityStatement-SAS-GestionnaireAgenda-CPTS.json	3323	2	0	0	0	0	0	0	0	10	0	0	0	0	0	0	0	0	0	0	4	52	46	0	0	0	2	0	0
fsh-generated/resources/CapabilityStatement-SAS-GestionnaireAgenda-PsIndiv.json	3238	1	0	0	1	0	0	0	0	10	0	0	0	0	0	0	0	0	0	0	4	51	44	0	0	0	1	0	0
fsh-generated/resources/CapabilityStatement-SAS-GestionnaireAgenda-RDVSOS.json	1944	1	0	0	0	0	0	0	0	8	0	0	0	0	0	0	0	0	0	0	4	30	36	0	0	0	1	0	0
fsh-generated/resources/CapabilityStatement-SAS-GestionnaireAgenda-RDVpsindiv.json	1944	1	0	0	0	0	0	0	0	7	0	0	0	0	1	0	0	0	0	0	4	32	33	0	0	0	1	0	0
fsh-generated/resources/CapabilityStatement-SAS-GestionnaireAgenda-SOS.json	4283	2	0	0	0	0	0	0	1	11	0	0	0	0	0	0	0	0	0	0	5	49	43	0	0	0	1	0	0
fsh-generated/resources/CapabilityStatement-SAS-GestionnaireStructure.json	1837	1	0	0	0	0	0	0	0	7	0	0	0	0	0	0	0	0	0	0	3	31	30	0	0	0	1	0	0
fsh-generated/resources/CodeSystem-categorie-orientation-sas-codesystem.json	956	1	0	0	0	0	0	0	0	5	0	0	0	0	0	0	0	0	0	0	3	14	117	0	0	0	0	0	0
fsh-generated/resources/HealthcareService-ExampleHealthcareServiceCPTS1.json	304	0	0	0	0	0	0	0	0	1	0	0	0	0	0	0	0	0	0	0	5	8	17	0	0	0	0	0	0
fsh-generated/resources/HealthcareService-ExampleHealthcareServiceCPTS2.json	304	1	0	0	0	0	0	0	0	1	0	0	0	0	0	0	0	0	0	0	4	7	13	0	0	0	0	0	0
fsh-generated/resources/Location-1111111111.json	1071	1	0	0	0	0	0	0	0	5	0	0	0	0	0	0	0	1	0	0	4	11	16	0	0	0	0	0	0
fsh-generated/resources/Location-2222222222.json	1032	0	0	0	0	0	0	0	0	3	0	0	0	0	0	0	0	0	0	0	4	10	15	0	0	0	0	0	0
fsh-generated/resources/Location-3333333333.json	1011	1	0	0	0	0	0	0	0	3	0	0	0	0	0	0	0	0	0	0	4	10	15	0	0	0	0	0	0
fsh-generated/resources/Organization-ExampleOrgaCPTS1.json	624	1	0	0	0	0	0	0	0	295	0	0	0	0	0	0	0	0	0	0	4	9	13	0	0	0	0	0	0
fsh-generated/resources/Organization-ExampleOrgaCPTS2.json	631	1	0	0	0	0	0	0	0	291	0	0	0	0	0	0	0	0	0	0	5	7	13	0	0	0	0	0	0
fsh-generated/resources/Organization-ExampleOrgaSOS1.json	558	0	0	0	0	0	0	0	0	1	0	0	0	0	0	0	0	0	0	0	4	6	10	0	0	0	0	0	0
fsh-generated/resources/Organization-ExampleOrgaSOS2.json	574	1	0	0	0	0	0	0	0	1	0	0	0	0	0	0	0	0	0	0	4	7	11	0	0	0	0	0	0
fsh-generated/resources/Practitioner-ExamplePractitioner.json	570	0	0	0	0	0	0	0	0	1	0	0	0	0	0	0	0	0	0	0	4	6	11	0	0	0	0	0	0
fsh-generated/resources/Practitioner-ExamplePractitioner2.json	576	2	0	0	0	0	0	0	1	1	0	0	0	0	0	0	0	0	0	0	3	5	11	0	0	0	0	0	1
fsh-generated/resources/Practitioner-ExamplePractitioner3.json	575	0	0	0	0	0	0	0	0	1	0	0	0	0	0	0	0	0	0	0	5	6	11	0	0	0	0	0	0
fsh-generated/resources/Practitioner-ExamplePractitionerRegul1.json	770	1	0	0	0	0	0	0	0	2	0	0	0	0	0	0	0	0	0	0	4	11	12	0	0	0	0	0	0
fsh-generated/resources/Practitioner-ExamplePractitionerRegul2.json	752	1	0	0	0	0	0	0	0	1	0	0	0	0	0	0	0	0	0	0	4	9	11	0	0	0	0	0	0
fsh-generated/resources/Practitioner-ExamplePractitionerRegul3.json	753	1	0	0	0	0	0	0	0	2	0	0	0	0	0	0	0	0	0	0	4	9	12	0	0	0	0	0	0
fsh-generated/resources/Practitioner-ExamplePractitionerRegul4.json	786	1	0	0	0	0	0	0	0	2	0	0	0	0	0	0	0	0	0	0	3	10	11	0	0	0	0	0	0
fsh-generated/resources/PractitionerRole-ExamplePractitionerRoleAgregateur.json	1262	1	0	0	1	0	0	0	0	2	0	0	0	0	0	0	0	0	0	0	4	13	20	0	0	0	0	0	0
fsh-generated/resources/PractitionerRole-ExamplePractitionerRoleAgregateur2.json	1393	0	0	0	0	0	0	0	0	2	0	0	0	0	0	0	0	0	0	0	4	13	17	0	0	0	0	0	0
fsh-generated/resources/PractitionerRole-ExamplePractitionerRoleAgregateur3.json	1394	1	0	0	0	0	0	0	0	3	0	0	0	0	0	0	0	0	0	0	4	12	17	0	0	0	0	0	0
fsh-generated/resources/PractitionerRole-ExamplePractitionerRoleAgregateur4.json	1480	1	0	0	0	0	0	0	0	2	0	0	0	0	0	0	0	0	0	0	3	14	17	0	0	0	0	0	0
fsh-generated/resources/Schedule-ExampleSchedule.json	337	0	0	0	0	0	0	0	0	2	0	0	0	0	0	0	0	0	0	0	4	7	17	0	0	0	0	0	0
fsh-generated/resources/Schedule-ExampleSchedule1.json	340	1	0	0	0	0	0	0	0	1	0	0	0	0	0	0	0	0	0	0	4	8	16	0	0	0	0	0	0
fsh-generated/resources/Schedule-ExampleSchedule2.json	340	1	0	0	0	0	0	0	0	1	0	0	0	0	0	0	0	0	0	0	3	7	16	0	0	0	0	0	0
fsh-generated/resources/Schedule-ExampleSchedule3.json	340	0	0	0	0	0	0	0	0	1	0	0	0	0	0	0	0	0	0	0	4	7	21	0	0	0	0	0	0
fsh-generated/resources/Schedule-ExampleScheduleSOS1.json	274	1	0	0	0	0	0	0	0	0	0	0	0	0	0	0	0	0	0	0	3	7	13	0	0	0	0	0	0
fsh-generated/resources/Schedule-ExampleScheduleSOS2.json	274	1	0	0	0	0	0	0	0	1	0	0	0	0	0	0	0	0	0	0	4	6	16	0	0	0	0	0	0
fsh-generated/resources/Schedule-ExampleScheduleSOS3.json	274	1	0	0	0	0	0	0	0	1	0	0	0	0	0	0	0	0	0	0	4	7	13	0	0	0	0	0	0
fsh-generated/resources/SearchParameter-cptsslot-sp-servicetype.json	611	0	0	0	0	0	0	0	1	3	0	0	0	0	1	0	0	0	0	0	3	10	19	0	0	0	0	0	0
fsh-generated/resources/SearchParameter-slot-sp-start.json	598	1	0	0	0	0	0	0	0	2	0	0	0	0	0	0	0	0	0	0	4	13	17	0	0	0	1	0	0
fsh-generated/resources/Slot-ExampleSlotCPTS1.json	1779	2	0	0	0	0	0	0	0	5	0	0	0	0	0	0	0	0	0	0	4	15	24	0	0	0	0	0	0
fsh-generated/resources/Slot-ExampleSlotCPTS2.json	2229	1	0	0	0	0	0	0	0	4	0	0	0	0	0	0	0	0	0	0	4	17	23	0	0	0	0	0	0
fsh-generated/resources/Slot-ExampleSlotPSIndiv1.json	1501	2	0	0	0	0	0	0	0	14	0	0	0	0	0	0	0	0	0	0	3	13	17	0	0	0	0	0	0
fsh-generated/resources/Slot-ExampleSlotPSIndiv2.json	1134	1	0	0	0	0	0	0	0	3	0	0	0	0	0	0	0	0	0	0	4	10	16	0	0	0	0	0	0
fsh-generated/resources/Slot-ExampleSlotPSIndiv3.json	1391	1	0	0	0	0	0	0	0	5	0	0	0	0	0	0	0	0	0	0	4	13	16	0	0	0	0	0	0
fsh-generated/resources/Slot-ExampleSlotPSIndiv4.json	1549	1	0	0	0	0	0	0	0	6	0	0	0	0	0	0	0	0	0	0	5	12	19	0	0	0	0	0	0
fsh-generated/resources/Slot-ExampleSlotPSIndiv5.json	949	2	0	0	0	0	0	0	0	3	0	0	0	0	0	0	0	0	0	0	4	11	21	0	0	0	0	0	0
fsh-generated/resources/Slot-ExampleSlotSOS1.json	1219	1	0	0	0	0	0	0	0	4	0	0	0	0	0	0	0	0	0	0	5	13	28	0	0	0	0	0	0
fsh-generated/resources/Slot-ExampleSlotSOS2.json	927	1	0	0	0	0	0	0	1	3	0	0	0	0	0	0	0	0	0	0	4	10	24	0	0	0	0	0	0
fsh-generated/resources/Slot-ExampleSlotSOS3.json	926	1	0	0	0	0	0	0	0	3	0	0	0	0	0	0	0	0	0	0	5	11	24	0	0	0	0	0	0
fsh-generated/resources/Slot-ExampleSlotSOS4.json	927	1	0	0	0	0	0	0	0	3	0	0	0	0	0	0	0	0	0	0	4	8	23	0	0	0	0	0	0
fsh-generated/resources/StructureDefinition-BundleAgregateur.json	3082	2	0	1775	0	0	0	0	0	126	0	0	0	0	0	0	0	2	0	0	1	476	2183	0	0	0	14	0	4
fsh-generated/resources/StructureDefinition-FrAppointmentSAS.json	5246	3	0	141	0	0	0	0	0	132	0	0	1	0	0	0	0	2	0	0	1	433	806	0	0	0	14	0	1
fsh-generated/resources/StructureDefinition-FrLocationAgregateur.json	1491	1	0	75	0	0	0	0	0	28	0	0	0	0	0	0	0	2	0	0	0	218	522	0	0	0	7	0	1
fsh-generated/resources/StructureDefinition-FrPractitionerAgregateur.json	1817	1	0	95	1	0	0	0	0	51	0	0	0	0	1	0	0	3	0	0	1	530	1019	0	0	0	16	0	2
fsh-generated/resources/StructureDefinition-FrPractitionerRegul.json	3078	2	0	146	0	0	0	0	0	63	0	0	1	0	0	0	0	5	0	0	0	722	1140	0	0	0	20	0	3
fsh-generated/resources/StructureDefinition-FrPractitionerRoleExerciceAgregateur.json	2533	1	0	26	0	0	0	0	0	25	0	0	0	0	0	0	0	1	0	0	0	221	470	0	0	0	7	1	1
fsh-generated/resources/StructureDefinition-FrScheduleAgregateur.json	1469	1	0	13	0	0	0	0	0	10	0	0	0	0	0	0	0	0	0	0	0	104	275	0	0	0	3	0	0
fsh-generated/resources/StructureDefinition-FrSlotAgregateur.json	4381	2	0	19	0	0	0	0	0	446	0	0	0	0	0	0	0	1	0	0	1	216	365	0	0	0	7	0	1
fsh-generated/resources/StructureDefinition-sas-categorie-orientation.json	1500	1	0	6	0	0	0	0	0	9	0	0	0	0	1	0	0	0	0	0	1	51	193	0	0	0	2	0	0
fsh-generated/resources/StructureDefinition-sas-cpts-bundle-aggregator.json	5247	2	0	141	0	0	0	0	0	89	0	0	0	0	0	0	0	4	0	0	0	628	1333	0	0	0	19	0	1
fsh-generated/resources/StructureDefinition-sas-cpts-healthcareservice-aggregator.json	1216	1	0	23	0	0	0	0	0	26	0	0	1	0	0	0	0	1	0	0	0	170	375	0	0	0	5	0	1
fsh-generated/resources/StructureDefinition-sas-cpts-organization-aggregator.json	1936	1	0	32	0	0	0	0	0	32	0	0	0	0	0	0	0	1	0	0	0	270	640	0	0	0	9	0	1
fsh-generated/resources/StructureDefinition-sas-cpts-slot-aggregator.json	4598	1	0	25	0	0	0	0	0	82	0	0	0	0	0	0	0	1	0	0	1	278	444	0	1	0	9	0	0
fsh-generated/resources/StructureDefinition-sas-cpts-slot-servicetype-aggregator.json	1669	1	0	4	0	0	0	0	0	8	0	0	0	0	1	0	0	1	0	0	0	46	179	0	0	0	2	0	0
fsh-generated/resources/StructureDefinition-sas-sos-appointment.json	4193	2	0	53	0	0	0	0	0	37	0	0	0	0	0	0	0	1	0	0	0	317	513	0	0	0	12	0	1
fsh-generated/resources/StructureDefinition-sas-sos-bundle-aggregator.json	3965	2	0	128	0	0	0	0	1	52	0	0	0	0	0	0	0	3	0	0	1	498	968	0	0	0	21	0	2
fsh-generated/resources/StructureDefinition-sas-sos-location-aggregator.json	2114	2	0	71	0	0	0	0	0	29	0	0	1	0	0	0	0	1	0	0	0	249	476	0	0	0	9	1	0
fsh-generated/resources/StructureDefinition-sas-sos-organization-aggregator.json	1743	1	0	30	0	0	0	0	0	30	0	0	0	0	1	0	0	2	0	0	0	258	575	0	0	0	13	0	1
fsh-generated/resources/StructureDefinition-sas-sos-schedule-aggregator.json	1065	1	0	13	0	0	0	0	0	14	0	0	0	0	0	0	0	0	0	0	0	118	288	0	0	0	6	0	1
fsh-generated/resources/StructureDefinition-sas-sos-slot-aggregator.json	1926	1	0	21	0	0	0	0	0	20	0	0	0	0	0	0	0	1	0	0	0	160	407	0	0	0	7	0	0
fsh-generated/resources/ValueSet-categorie-orientation-sas-valueset.json	1066	1	0	0	0	0	0	0	0	37	0	0	0	0	0	0	0	0	0	0	6	16	141	0	0	0	1	0	0
fsh-generated/resources/ValueSet-sas-cpts-valueset-typecreneau.json	1041	0	0	0	0	0	0	0	0	3	0	0	0	0	0	0	0	0	0	0	5	12	102	0	0	0	0	0	0
fsh-generated/resources/ValueSet-sas-sos-valueset-participant-status.json	779	1	0	0	0	0	0	0	0	3	0	0	0	0	1	0	0	0	0	0	5	9	86	0	0	0	1	0	0
fsh-generated/resources/ValueSet-sas-sos-valueset-typecreneau.json	795	1	0	0	0	0	1	0	0	4	0	0	0	0	0	0	0	0	0	0	5	10	85	0	0	0	0	0	0
fsh-generated/resources/ValueSet-sas-valueset-appointmentparticipanttype.json	706	1	1	0	0	0	0	0	0	1	0	0	0	0	0	0	0	0	0	0	5	8	79	0	0	0	0	0	0
fsh-generated/resources/ValueSet-sas-valueset-appointmentreason.json	732	1	0	0	0	0	0	0	0	2	0	0	0	0	0	0	0	0	0	0	5	8	76	0	0	0	1	0	0
fsh-generated/resources/ValueSet-sas-valueset-categorieetablissement.json	705	0	0	0	0	0	0	0	1	3	0	0	0	0	0	0	0	0	0	0	5	12	74	0	0	0	0	0	0
fsh-generated/resources/ValueSet-sas-valueset-typeconsultation.json	786	1	0	0	0	0	0	0	0	2	0	0	0	0	1	0	0	0	0	0	5	11	81	0	0	0	0	0	0
fsh-generated/resources/ValueSet-sas-valueset-typeidentifiant.json	710	1	0	0	0	0	0	0	0	2	0	0	0	0	0	0	0	0	0	0	5	9	77	0	0	0	1	0	0
/fsh-generated/includes/menu.xml	3944	-	-	-	0	0	0	0	0	0	0	0	0	0	0	0	0	0	0	0	0	0	2	0	0	0	0	0	0
/fsh-generated/includes/fsh-link-references.md	5698	-	-	-	0	0	0	0	0	0	0	0	0	0	0	0	0	0	0	0	0	0	1	0	0	0	0	0	0
/input/data/features.yml	178	-	-	-	0	0	0	0	0	0	0	0	0	0	0	0	0	0	0	0	0	0	0	0	0	0	0	0	0
/input/pagecontent/specifications_techniques-cpts-gestion_regulateur.md	8420	-	-	-	0	0	0	0	0	0	0	0	0	0	0	0	0	0	0	0	0	0	2	0	0	0	0	0	0
/input/pagecontent/specifications_techniques-tous-gestion_rdv.md	11100	-	-	-	0	0	0	0	0	0	0	0	0	0	0	0	0	0	0	0	0	0	2	0	0	0	0	0	0
/input/pagecontent/securite.md	2262	-	-	-	0	0	0	0	0	0	0	0	0	0	0	0	0	0	0	0	0	0	0	0	0	0	0	0	0
/input/pagecontent/specifications_techniques-sos-gestion_rdv.md	11100	-	-	-	0	0	0	0	0	0	0	0	0	0	0	0	0	0	0	0	0	0	2	0	0	0	0	0	0
/input/pagecontent/specifications_techniques-tous-gestion_regulateur.md	8420	-	-	-	0	0	0	0	0	0	0	0	0	0	0	0	0	0	0	0	0	0	2	0	0	0	0	0	0
/input/pagecontent/specifications_techniques-cpts-gestion_rdv.md	11100	-	-	-	0	0	0	0	0	0	0	0	0	0	0	0	0	0	0	0	0	0	2	0	0	0	0	0	0
/input/pagecontent/autres_ressources.md	0	-	-	-	0	0	0	0	0	0	0	0	0	0	0	0	0	0	0	0	0	0	0	0	0	0	0	0	0
/input/pagecontent/specifications_techniques-transmission-info-RDV-LRM.md	45213	-	-	-	0	0	0	0	0	0	0	0	0	0	0	0	0	0	0	0	0	0	4	0	0	0	0	0	0
/input/pagecontent/specifications_techniques.txt	587	-	-	-	0	0	0	0	0	0	0	0	0	0	0	0	0	0	0	0	0	0	35	0	0	0	0	0	0
/input/pagecontent/specifications_techniques-cpts-recherche_creneaux.md	15707	-	-	-	0	0	0	0	0	0	0	0	0	0	0	0	0	0	0	0	0	0	1	0	0	0	0	0	0
/input/pagecontent/acronymes.md	1504	-	-	-	0	0	0	0	0	0	0	0	0	0	0	0	0	0	0	0	0	0	0	0	0	0	0	0	0
/input/pagecontent/specifications_techniques-ps-recherche_creneaux.md	14220	-	-	-	0	0	0	0	0	0	0	0	0	0	0	0	0	0	0	0	0	0	2	0	0	0	0	0	0
/input/pagecontent/specifications_techniques-ps-gestion_regulateur.md	8420	-	-	-	0	0	0	0	0	0	0	0	0	0	0	0	0	0	0	0	0	0	0	0	0	0	0	0	0
/input/pagecontent/specifications_techniques-sos-recherche_creneaux.md	17153	-	-	-	0	0	0	0	0	0	0	0	0	0	0	0	0	0	0	0	0	0	2	0	0	0	0	0	0
/input/pagecontent/annexes.md	2431	-	-	-	0	0	0	0	0	0	0	0	0	0	0	0	0	0	0	0	0	0	0	0	0	0	0	0	0
/input/pagecontent/specifications_techniques-sos-gestion_regulateur.md	8420	-	-	-	0	0	0	0	0	0	0	0	0	0	0	0	0	0	0	0	0	0	1	0	0	0	0	0	0
/input/pagecontent/ressources_casusage.md	1957	-	-	-	0	0	0	0	0	0	0	0	0	0	0	0	0	0	0	0	0	0	14	0	0	0	0	0	0
/input/pagecontent/faq.md	25185	-	-	-	0	0	0	0	0	0	0	0	0	0	0	0	0	0	0	0	0	0	2	0	0	0	0	0	0
/input/pagecontent/specifications_techniques-ps-gestion_rdv.md	11100	-	-	-	0	0	0	0	0	0	0	0	0	0	0	0	0	0	0	0	0	0	1	0	0	0	0	0	0
/input/pagecontent/downloads.md	989	-	-	-	0	0	0	0	0	0	0	0	0	0	0	0	0	0	0	0	0	0	0	0	0	0	0	0	0
/input/pagecontent/index.md	5259	-	-	-	0	0	0	0	0	0	0	0	0	0	0	0	0	0	0	0	0	0	1	0	0	0	0	0	0
/input/pagecontent/specifications_fonctionnelles.md	22986	-	-	-	0	0	0	0	0	0	0	0	0	0	0	0	0	0	0	0	0	0	1	0	0	0	0	0	0
/input/pagecontent/specifications_techniques.md	0	-	-	-	0	0	0	0	0	0	0	0	0	0	0	0	0	0	0	0	0	0	1	0	0	0	0	0	0
/template/config	0	-	-	-	0	0	0	0	0	0	0	0	0	0	0	0	0	0	0	0	0	0	0	0	0	0	0	0	0
/template/config/_config.yml	140	-	-	-	0	0	0	0	0	0	0	0	0	0	0	0	0	0	0	0	0	0	0	0	0	0	0	0	0
/input/images	0	-	-	-	0	0	0	0	0	0	0	0	0	0	0	0	0	0	0	0	0	0	0	0	0	0	0	0	0
/input/images/SchemaGlobalRedescenteLRM.png	69754	-	-	-	0	0	0	0	0	0	0	0	0	0	0	0	0	0	0	0	0	0	0	0	0	0	0	0	0
/input/images/validateur_creneaux-SOS_1.png	41943	-	-	-	0	0	0	0	0	0	0	0	0	0	0	0	0	0	0	0	0	0	1	0	0	0	0	0	0
/input/images/validateur_rendez_vous_1.png	38959	-	-	-	0	0	0	0	0	0	0	0	0	0	0	0	0	0	0	0	0	0	0	0	0	0	0	0	0
/input/images/creation_rendez_vous_1.png	24681	-	-	-	0	0	0	0	0	0	0	0	0	0	0	0	0	0	0	0	0	0	0	0	0	0	0	0	0
/input/images/validateur_creneaux-CPTS_1.png	341806	-	-	-	0	0	0	0	0	0	0	0	0	0	0	0	0	0	0	0	0	0	1	0	0	0	0	0	0
/input/images/sas_logo.png	113157	-	-	-	0	0	0	0	0	0	0	0	0	0	0	0	0	0	0	0	0	0	0	0	0	0	0	0	0
/input/images/validateur_rendez_vous_2.png	40120	-	-	-	0	0	0	0	0	0	0	0	0	0	0	0	0	0	0	0	0	0	1	0	0	0	0	0	0
/input/images/validateur_creneaux-PS_1.png	235493	-	-	-	0	0	0	0	0	0	0	0	0	0	0	0	0	0	0	0	0	0	0	0	0	0	0	0	0
/input/images/validateur_creneaux-CPTS_2.png	76542	-	-	-	0	0	0	0	0	0	0	0	0	0	0	0	0	0	0	0	0	0	1	0	0	0	0	0	0
/input/images/anImage.png	36288	-	-	-	0	0	0	0	0	0	0	0	0	0	0	0	0	0	0	0	0	0	0	0	0	0	0	0	0
/input/images/recherche_creneaux_1.png	121139	-	-	-	0	0	0	0	0	0	0	0	0	0	0	0	0	0	0	0	0	0	0	0	0	0	0	0	0
/input/images/redescente_rdv_lrm.png	110368	-	-	-	0	0	0	0	0	0	0	0	0	0	0	0	0	0	0	0	0	0	1	0	0	0	0	0	0
/input/images/schema_mtls.jpg	25899	-	-	-	0	0	0	0	0	0	0	0	0	0	0	0	0	0	0	0	0	0	0	0	0	0	0	0	0
/input/images/recherche_creneaux_2.png	135856	-	-	-	0	0	0	0	0	0	0	0	0	0	0	0	0	0	0	0	0	0	1	0	0	0	0	0	0
/input/images/mecanisme_transmission_regulateurs.png	62878	-	-	-	0	0	0	0	0	0	0	0	0	0	0	0	0	0	0	0	0	0	0	0	0	0	0	0	0
/input/images/validateur_creneaux-PS_2.png	76542	-	-	-	0	0	0	0	0	0	0	0	0	0	0	0	0	0	0	0	0	0	0	0	0	0	0	0	0
/input/images/logo_sas.png	39358	-	-	-	0	0	0	0	0	0	0	0	0	0	0	0	0	0	0	0	0	0	1	0	0	0	0	0	0
/input/images/schema_cas_usage.png	118501	-	-	-	0	0	0	0	0	0	0	0	0	0	0	0	0	0	0	0	0	0	0	0	0	0	0	0	0
/temp/pages/_includes/artifacts.xml	52019	-	-	-	-	-	-	-	-	-	-	-	-	-	-	-	-	-	-	-	-	-	3	0	0	0	0	0	0
